Anode InnerVoltage,Anode TotalCurrent
0,-5.74397757945e-23
0,-7.9010108953e-23
-0.075,-2.14749907125e-17
-0.174,-3.82057509224e-17
-0.31062,-5.81019720282e-17
-0.4991556,-8.29658112517e-17
-0.759334728,-1.14317263512e-16
-1.11838192464,-1.54279051862e-16
-1.36492766633,-1.8095172215e-16
-1.70351715159,-2.17158082334e-16
-2.16851337801,-2.63332665373e-16
-2.47851086229,-2.98905954169e-16
-2.90217409081,-3.37110234268e-16
-3.48118050312,-3.77551235729e-16
-4.23118050312,-4.27706800335e-16
-4.98118050312,-4.87290939573e-16
-5.73118050312,-5.51517940323e-16
-6.48118050312,-6.21850650341e-16
-7.23118050312,-7.12648453637e-16
-7.98118050312,-8.27359254695e-16
-8.73118050312,-9.37815965695e-16
-9.48118050312,-1.03097938848e-15
-10.2311805031,-1.10302647715e-15
-10.9811805031,-1.15360922279e-15
-11.7311805031,-1.18784502207e-15
-12.4811805031,-1.21155979031e-15
-13.2311805031,-1.22876276076e-15
-13.9811805031,-1.24182731146e-15
-14.7311805031,-1.25214174963e-15
-15,-1.25532235942e-15
