c(a:a)(n110_ac_des) X,c(a:a)(n110_ac_des) Y
0,7.3494261e-16
-0.1,6.9795162e-16
-0.2,6.6585062e-16
-0.3,6.3740738e-16
-0.4,6.1176682e-16
-0.5,5.8830899e-16
-0.6,5.6656699e-16
-0.7,5.4617679e-16
-0.8,5.2684517e-16
-0.9,5.0832842e-16
-1,4.9041793e-16
-1.1,4.7293047e-16
-1.2,4.5570215e-16
-1.3,4.3858599e-16
-1.4,4.214535e-16
-1.5,4.0420137e-16
-1.6,3.8676461e-16
-1.7,3.691361e-16
-1.8,3.5138957e-16
-1.9,3.3369638e-16
-2,3.1632064e-16
-2.1,2.9957919e-16
-2.2,2.8377083e-16
-2.3,2.6910452e-16
-2.4,2.5566268e-16
-2.5,2.4341196e-16
-2.6,2.3224348e-16
-2.7,2.2201595e-16
-2.8,2.1258575e-16
-2.9,2.0382223e-16
-3,1.9561268e-16
-3.1,1.8786195e-16
-3.2,1.8049026e-16
-3.3,1.7343068e-16
-3.4,1.6662714e-16
-3.5,1.6003324e-16
-3.6,1.5361177e-16
-3.7,1.4733462e-16
-3.8,1.4118198e-16
-3.9,1.3513931e-16
-4,1.2919193e-16
-4.1,1.2332248e-16
-4.2,1.175232e-16
-4.3,1.1182411e-16
-4.4,1.0630431e-16
-4.5,1.0105264e-16
-4.6,9.6117637e-17
-4.7,9.1506215e-17
-4.8,8.7209953e-17
-4.9,8.3216822e-17
-5,7.9509187e-17
-5.1,7.6062511e-17
-5.2,7.2847926e-17
-5.3,6.9835765e-17
-5.4,6.6998038e-17
-5.5,6.4309618e-17
-5.6,6.1748606e-17
-5.7,5.9296286e-17
-5.8,5.693696e-17
-5.9,5.4657806e-17
-6,5.2448815e-17
-6.1,5.0302851e-17
-6.2,4.8215791e-17
-6.3,4.6186687e-17
-6.4,4.4217862e-17
-6.5,4.2314755e-17
-6.6,4.0485402e-17
-6.7,3.8739425e-17
-6.8,3.7086617e-17
-6.9,3.553535e-17
-7,3.4091217e-17
-7.1,3.2756229e-17
-7.2,3.1528764e-17
-7.3,3.0404131e-17
-7.4,2.9375503e-17
-7.5,2.8434897e-17
-7.6,2.7574018e-17
-7.7,2.6784848e-17
-7.8,2.6060012e-17
-7.9,2.5392952e-17
-8,2.4777973e-17
-8.1,2.4210219e-17
-8.2,2.3685596e-17
-8.3,2.3200687e-17
-8.4,2.2752649e-17
-8.5,2.2339109e-17
-8.6,2.1958064e-17
-8.7,2.1607783e-17
-8.8,2.128671e-17
-8.9,2.0993386e-17
-9,2.0726377e-17
-9.1,2.0484225e-17
-9.2,2.0265421e-17
-9.3,2.0068392e-17
-9.4,1.9891515e-17
-9.5,1.9733137e-17
-9.6,1.9591605e-17
-9.7,1.94653e-17
-9.8,1.9352667e-17
-9.9,1.9252238e-17
-10,1.9162651e-17
-10.1,1.9082657e-17
-10.2,1.9011131e-17
-10.3,1.8947061e-17
-10.4,1.8889552e-17
-10.5,1.8837813e-17
-10.6,1.8791149e-17
-10.7,1.8748953e-17
-10.8,1.8710695e-17
-10.9,1.8675914e-17
-11,1.8644207e-17
-11.1,1.8615224e-17
-11.2,1.8588662e-17
-11.3,1.8564253e-17
-11.4,1.8541767e-17
-11.5,1.8521e-17
-11.6,1.8501775e-17
-11.7,1.8483937e-17
-11.8,1.8467347e-17
-11.9,1.8451887e-17
-12,1.8437448e-17
-12.1,1.8423937e-17
-12.2,1.841127e-17
-12.3,1.8399372e-17
-12.4,1.8388177e-17
-12.5,1.8377626e-17
-12.6,1.8367666e-17
-12.7,1.8358248e-17
-12.8,1.8349331e-17
-12.9,1.8340876e-17
-13,1.8332847e-17
-13.1,1.8325214e-17
-13.2,1.8317947e-17
-13.3,1.8311021e-17
-13.4,1.8304413e-17
-13.5,1.82981e-17
-13.6,1.8292063e-17
-13.7,1.8286284e-17
-13.8,1.8280746e-17
-13.9,1.8275435e-17
-14,1.8270337e-17
-14.1,1.8265439e-17
-14.2,1.826073e-17
-14.3,1.8256198e-17
-14.4,1.8251833e-17
-14.5,1.8247627e-17
-14.6,1.8243571e-17
-14.7,1.8239656e-17
-14.8,1.8235877e-17
-14.9,1.8232226e-17
-15,1.8228696e-17

